Fund Name,P1,P2,P3,P4,P5,Topsis Score,Rank
M1,0.93,0.86,6.2,41.8,12.45,0.5297392558354561,3
M2,0.78,0.61,5.6,67.9,18.72,0.6840247913914862,1
M3,0.74,0.55,5.6,68.6,18.87,0.6473944144170571,2
M4,0.79,0.62,4.5,43.4,12.33,0.2966090814370088,8
M5,0.73,0.53,4.2,49.6,13.77,0.3378288515401837,6
M6,0.73,0.53,6.0,33.8,10.27,0.31384878072653244,7
M7,0.93,0.86,3.3,46.2,12.82,0.4151414136559213,5
M8,0.83,0.69,6.9,32.2,10.16,0.417844959236052,4
